<?xml version="1.0" ?> 
<SampleConfigs>
<SampleConfig ParentNodeID = "Printing" Priority="500">
  <Title>Custom Printing</Title> 
  <Thumbnail>thumbnail.jpg</Thumbnail>
  <ShortBlurb>Custom Chart Printing</ShortBlurb> 
  <SampleControl>CustomPrinting</SampleControl> 
  <InfoPages>
    <InfoPage Title="C# Source">cscode.txt</InfoPage>
    <InfoPage Title="Visual Basic Source">vbcode.txt</InfoPage>
  </InfoPages>
  <Keywords>
    <Keyword>Customizations, Printing</Keyword>
    <Keyword>Printing, Custom</Keyword>
  </Keywords> 

</SampleConfig>

</SampleConfigs>
