<?xml version="1.0" ?> 
<SampleConfigs>
<SampleConfig ParentNodeID = "Labels">
  <Title>Custom Labels</Title> 
  <Thumbnail>thumbnail.jpg</Thumbnail>
  <ShortBlurb>Using Custom Labels</ShortBlurb> 
  <SampleControl>CustomLabels</SampleControl> 
  <InfoPages>
    <InfoPage Title="C# Source">cscode.txt</InfoPage>
    <InfoPage Title="Visual Basic Source">vbcode.txt</InfoPage>
  </InfoPages>
</SampleConfig>

<SampleConfig ParentNodeID = "Axis">
  <Title>Custom Labels</Title> 
  <Thumbnail>thumbnail.jpg</Thumbnail>
  <ShortBlurb>Using Custom Labels</ShortBlurb> 
  <SampleControl>CustomLabels</SampleControl> 
  <InfoPages>
    <InfoPage Title="C# Source">cscode.txt</InfoPage>
    <InfoPage Title="Visual Basic Source">vbcode.txt</InfoPage>
  </InfoPages>
  <Keywords>
	<Keyword>Labels, Custom</Keyword>
	<Keyword>Axis, Custom labels</Keyword>
	<Keyword>Customizations, Axis Labels</Keyword>
  </Keywords>    
</SampleConfig>

</SampleConfigs>
