<?xml version="1.0" ?> 
<SampleConfigs>
<SampleConfig ParentNodeID = "Labels" Priority="200">
  <Title>Axis and Data Point Labels</Title> 
  <Thumbnail>thumbnail.jpg</Thumbnail>
  <ShortBlurb>Setting Axis and Data Point Labels</ShortBlurb> 
  <SampleControl>MultilineLabels</SampleControl> 
  <InfoPages>
    <InfoPage Title="C# Source">cscode.txt</InfoPage>
    <InfoPage Title="Visual Basic Source">vbcode.txt</InfoPage>
  </InfoPages>
  <Keywords>
    <Keyword>Labels, Multiline</Keyword>
    <Keyword>Multiline Labels</Keyword>
  </Keywords>    

</SampleConfig>

</SampleConfigs>
