<?xml version="1.0" ?> 
<SampleConfigs>
<SampleConfig ParentNodeID = "Axis" Priority="700">
  <Title>Strip Line Titles</Title> 
  <Thumbnail>thumbnail.jpg</Thumbnail>
  <ShortBlurb>Setting Strip Line Title Appearance</ShortBlurb> 
  <SampleControl>StripLineTitle</SampleControl> 
  <InfoPages>
    <InfoPage Title="C# Source">cscode.txt</InfoPage>
    <InfoPage Title="Visual Basic Source">vbcode.txt</InfoPage>
  </InfoPages>
  <Keywords>
	<Keyword>Strip Lines, Title</Keyword>
	<Keyword>Title, Strip lines</Keyword>
  </Keywords>
</SampleConfig>

<SampleConfig ParentNodeID = "Titles">
  <Title>Strip Line Titles</Title> 
  <Thumbnail>thumbnail.jpg</Thumbnail>
  <ShortBlurb>Setting Strip Line Title Appearance</ShortBlurb> 
  <SampleControl>StripLineTitle</SampleControl> 
  <InfoPages>
    <InfoPage Title="C# Source">cscode.txt</InfoPage>
    <InfoPage Title="Visual Basic Source">vbcode.txt</InfoPage>
  </InfoPages>
  <Keywords>
	<Keyword>Strip Lines, Title</Keyword>
	<Keyword>Title, Strip lines</Keyword>
  </Keywords>
</SampleConfig>

</SampleConfigs>
