<?xml version="1.0" encoding="utf-8"?>
<Dependencies>
  <ProductDependencies>
    <Dependency Name="Microsoft.NETCore.App" Version="3.0.0-preview4-27611-08">
      <Uri>https://github.com/dotnet/core-setup</Uri>
      <Sha>2688932a153e940bb65381817789f1c6177672f3</Sha>
    </Dependency>
    <Dependency Name="System.Data.SqlClient" Version="4.7.0-preview4.19181.2" CoherentParentDependency="Microsoft.NETCore.App">
      <Uri>https://github.com/dotnet/corefx</Uri>
      <Sha>2688932a153e940bb65381817789f1c6177672f3</Sha>
    </Dependency>
    <Dependency Name="System.Drawing.Common" Version="4.6.0-preview4.19181.2" CoherentParentDependency="Microsoft.NETCore.App">
      <Uri>https://github.com/dotnet/corefx</Uri>
      <Sha>2688932a153e940bb65381817789f1c6177672f3</Sha>
    </Dependency>
    <Dependency Name="System.Windows.Extensions" Version="4.6.0-preview4.19181.2" CoherentParentDependency="Microsoft.NETCore.App">
      <Uri>https://github.com/dotnet/corefx</Uri>
      <Sha>2c1cf10610d8102e080b203ff396707eeced15bd</Sha>
    </Dependency>
  </ProductDependencies>
  <ToolsetDependencies>
    <Dependency Name="Microsoft.DotNet.Arcade.Sdk" Version="1.0.0-beta.19154.3">
      <Uri>https://github.com/dotnet/arcade</Uri>
      <Sha>52b1fefd87fc574cbe6200325a3fdc0be89dd63a</Sha>
    </Dependency>
    <Dependency Name="Microsoft.NETCore.Platforms" Version="3.0.0-preview4.19181.2" CoherentParentDependency="Microsoft.NETCore.App">
      <Uri>https://github.com/dotnet/corefx</Uri>
      <Sha>2c1cf10610d8102e080b203ff396707eeced15bd</Sha>
    </Dependency>
  </ToolsetDependencies>
</Dependencies>
