<?xml version="1.0" ?> 
<SampleConfigs>
<SampleConfig ParentNodeID = "Axis" Priority="450">
  <Title>Scale Breaks</Title> 
  <Thumbnail>thumbnail.jpg</Thumbnail>
  <ShortBlurb>Scale Breaks</ShortBlurb> 
  <SampleControl>ScaleBreaks</SampleControl> 
  <InfoPages>
    <InfoPage Title="C# Source">cscode.txt</InfoPage>
    <InfoPage Title="Visual Basic Source">vbcode.txt</InfoPage>
  </InfoPages>
  <Keywords>
	<Keyword>Scale Breaks</Keyword>
	<Keyword>Axis Breaks</Keyword>
	<Keyword>Breaks, Axis</Keyword>
	<Keyword>Axis, Scale Breaks</Keyword>
	<Keyword>Axis, Axis Breaks</Keyword>
	<Keyword>Axis, Breaks</Keyword>
  </Keywords>

</SampleConfig>

</SampleConfigs>
