<?xml version="1.0" ?> 
<SampleConfigs>
<SampleConfig ParentNodeID = "Axis" Priority="800">
  <Title>Setting Variable Label Intervals</Title> 
  <Thumbnail>thumbnail.jpg</Thumbnail>
  <ShortBlurb>Setting Variable Label Intervals</ShortBlurb> 
  <SampleControl>AxisVarLabelsInterval</SampleControl> 
  <InfoPages>
    <InfoPage Title="C# Source">cscode.txt</InfoPage>
    <InfoPage Title="Visual Basic Source">vbcode.txt</InfoPage>
  </InfoPages>
  <Keywords>
	<Keyword>Labels, Interval</Keyword>
	<Keyword>Interval, Axis labels</Keyword>
	<Keyword>Axis, Labels interval</Keyword>
  </Keywords>    

</SampleConfig>

<SampleConfig ParentNodeID = "Labels" Priority="800">
  <Title>Setting Variable Label Intervals</Title> 
  <Thumbnail>thumbnail.jpg</Thumbnail>
  <ShortBlurb>Setting Variable Label Intervals</ShortBlurb> 
  <SampleControl>AxisVarLabelsInterval</SampleControl> 
  <InfoPages>
  
    <InfoPage Title="C# Source">cscode.txt</InfoPage>
    <InfoPage Title="Visual Basic Source">vbcode.txt</InfoPage>
  </InfoPages>
  <Keywords>
	<Keyword>Labels, Interval</Keyword>
	<Keyword>Interval, Axis labels</Keyword>
	<Keyword>Axis, Labels interval</Keyword>
  </Keywords>    

</SampleConfig>

</SampleConfigs>
