<?xml version="1.0" ?> 
<SampleConfigs>
<SampleConfig ParentNodeID = "DataSeries">
  <Title>Using Markers</Title> 
  <Thumbnail>thumbnail.jpg</Thumbnail>
  <ShortBlurb>Series Markers Appearance</ShortBlurb> 
  <SampleControl>UsingMarkers</SampleControl> 
  <InfoPages>
    <InfoPage Title="C# Source">cscode.txt</InfoPage>
    <InfoPage Title="Visual Basic Source">vbcode.txt</InfoPage>
  </InfoPages>

  <Keywords>
    <Keyword>Series, Markers</Keyword>
    <Keyword>Appearance, Marker</Keyword>
    <Keyword>Marker, Appearance</Keyword>
    <Keyword>Marker</Keyword>
  </Keywords>    

</SampleConfig>

</SampleConfigs>
