<?xml version="1.0" ?> 
<SampleConfigs>
<SampleConfig ParentNodeID = "ChartAppearance">
  <Title>3D Point Gap and Depth</Title> 
  <Thumbnail>thumbnail.jpg</Thumbnail>
  <ShortBlurb>3D Point Gap and Depth</ShortBlurb> 
  <SampleControl>UsingGaps3D</SampleControl> 
  <InfoPages>
    <InfoPage Title="C# Source">cscode.txt</InfoPage>
    <InfoPage Title="Visual Basic Source">vbcode.txt</InfoPage>
  </InfoPages>
  <Keywords>
	<Keyword>Depth</Keyword>
	<Keyword>3D, Point and gap depth</Keyword>
  </Keywords>
</SampleConfig>
</SampleConfigs>