<?xml version="1.0" ?> 
<SampleConfigs>
<SampleConfig ParentNodeID = "Labels" Priority="300">
  <Title>Axis Labels Interval</Title> 
  <Thumbnail>thumbnail.jpg</Thumbnail>
  <ShortBlurb>Setting Axis Labels Interval</ShortBlurb> 
  <SampleControl>AxisLabelsInterval</SampleControl> 
  <InfoPages>
    <InfoPage Title="C# Source">cscode.txt</InfoPage>
    <InfoPage Title="Visual Basic Source">vbcode.txt</InfoPage>
  </InfoPages>
  <Keywords>
	<Keyword>Labels, Interval</Keyword>
	<Keyword>Interval, Axis labels</Keyword>
	<Keyword>Axis, Labels interval</Keyword>
  </Keywords>    

</SampleConfig>

<SampleConfig ParentNodeID = "Axis">
  <Title>Axis Labels Interval</Title>
  <Thumbnail>thumbnail.jpg</Thumbnail>
  <ShortBlurb>Setting Axis Labels Interval</ShortBlurb> 
  <SampleControl>AxisLabelsInterval</SampleControl> 
  <InfoPages>
    <InfoPage Title="C# Source">cscode.txt</InfoPage>
    <InfoPage Title="Visual Basic Source">vbcode.txt</InfoPage>
  </InfoPages>
  <Keywords>
	<Keyword>Labels, Interval</Keyword>
	<Keyword>Interval, Axis labels</Keyword>
	<Keyword>Axis, Labels interval</Keyword>
  </Keywords>    
</SampleConfig>

</SampleConfigs>
