<?xml version="1.0" ?> 
<SampleConfigs>
<SampleConfig ParentNodeID = "Axis" Priority = "800">
  <Title>Interlaced Strip Lines</Title> 
  <Thumbnail>thumbnail.jpg</Thumbnail>
  <ShortBlurb>Interlaced Strip Lines</ShortBlurb> 
  <SampleControl>InterlacedStrips</SampleControl> 
  <InfoPages>
    <InfoPage Title="C# Source">cscode.txt</InfoPage>
    <InfoPage Title="Visual Basic Source">vbcode.txt</InfoPage>
  </InfoPages>
  <Keywords>
	<Keyword>Interlaced strip lines</Keyword>
	<Keyword>Strip Lines, Interlaced</Keyword>
  </Keywords>

</SampleConfig>

</SampleConfigs>
